2.0,
12930.0
3.0,
12926.0
4.0,
12996.0
5.0,
12928.0
6.0,
12928.0
7.0,
12964.0
8.0,
12956.0
9.0,
12930.0
10.0,
12944.0
11.0,
12962.0
12.0,
12956.0
13.0,
12948.0
14.0,
12962.0
15.0,
12956.0
16.0,
12928.0
17.0,
12952.0
18.0,
12964.0
19.0,
12952.0
20.0,
12974.0
21.0,
12952.0
22.0,
12926.0
23.0,
12942.0
24.0,
13002.0
25.0,
13008.0
26.0,
12932.0
27.0,
12912.0
28.0,
12940.0
29.0,
12944.0
30.0,
12974.0
31.0,
12968.0
32.0,
12930.0
33.0,
13002.0
34.0,
10414.0
35.0,
-5768.0
36.0,
6336.0
37.0,
6302.0
38.0,
6336.0
39.0,
6332.0
40.0,
6328.0
41.0,
6396.0
42.0,
6308.0
43.0,
6336.0
44.0,
6348.0
45.0,
6332.0
46.0,
6284.0
47.0,
6336.0
48.0,
6320.0
49.0,
6328.0
50.0,
6362.0
51.0,
6368.0
52.0,
6364.0
53.0,
6296.0
54.0,
6312.0
55.0,
6354.0
56.0,
6298.0
57.0,
6260.0
58.0,
6314.0
59.0,
6316.0
60.0,
6320.0
61.0,
6330.0
62.0,
6288.0
63.0,
6378.0
64.0,
6358.0
65.0,
6296.0
66.0,
6338.0
67.0,
6700.0
68.0,
2252.0
69.0,
12944.0
70.0,
12874.0
71.0,
12894.0
72.0,
12890.0
73.0,
12894.0
74.0,
12916.0
75.0,
12828.0
76.0,
12864.0
77.0,
12908.0
78.0,
12880.0
79.0,
12832.0
80.0,
12876.0
81.0,
12914.0
82.0,
12966.0
83.0,
12400.0
84.0,
12682.0
85.0,
12588.0
86.0,
12558.0
87.0,
12584.0
88.0,
12568.0
89.0,
12618.0
90.0,
12596.0
91.0,
12892.0
92.0,
-966.0
93.0,
1666.0
94.0,
1794.0
95.0,
1832.0
96.0,
1880.0
97.0,
1864.0
98.0,
1996.0
99.0,
2048.0
100.0,
2042.0
101.0,
2576.0
102.0,
2032.0
103.0,
1976.0
104.0,
2028.0
105.0,
2078.0
106.0,
1974.0
107.0,
626.0
108.0,
734.0
109.0,
718.0
110.0,
740.0
111.0,
756.0
112.0,
702.0
113.0,
736.0
114.0,
658.0
115.0,
-602.0
116.0,
272.0
117.0,
-394.0
118.0,
-448.0
119.0,
-716.0
120.0,
-610.0
121.0,
-762.0
122.0,
-688.0
123.0,
-748.0
124.0,
-756.0
125.0,
-844.0
126.0,
-768.0
127.0,
-632.0
128.0,
-736.0
129.0,
-750.0
130.0,
-770.0
131.0,
-742.0
132.0,
-1154.0
133.0,
10932.0
134.0,
10856.0
135.0,
10886.0
136.0,
10888.0
137.0,
10886.0
138.0,
10882.0
139.0,
10960.0
140.0,
10930.0
141.0,
10966.0
142.0,
11032.0
143.0,
10984.0
144.0,
10964.0
145.0,
7932.0
146.0,
-12024.0
147.0,
-16062.0
148.0,
-17894.0
149.0,
-18312.0
150.0,
-17564.0
151.0,
-18102.0
152.0,
-18228.0
153.0,
-18062.0
154.0,
-18056.0
155.0,
-18038.0
156.0,
-18136.0
157.0,
-18164.0
158.0,
-18094.0
159.0,
-18154.0
160.0,
-18124.0
161.0,
-18164.0
162.0,
-18166.0
163.0,
-18188.0
164.0,
-18148.0
165.0,
-17912.0
166.0,
-15954.0
167.0,
-15156.0
168.0,
-12834.0
169.0,
-12154.0
170.0,
-12258.0
171.0,
-12118.0
172.0,
-12182.0
173.0,
-11860.0
174.0,
-13966.0
175.0,
-12692.0
176.0,
-8914.0
177.0,
-6838.0
178.0,
-6884.0
179.0,
-6776.0
180.0,
-6814.0
181.0,
-6762.0
182.0,
-6750.0
183.0,
-6974.0
184.0,
-4896.0
185.0,
-8970.0
186.0,
-8524.0
187.0,
-8738.0
188.0,
-9296.0
189.0,
-9306.0
190.0,
-9360.0
191.0,
-9514.0
192.0,
-9774.0
193.0,
-9366.0
194.0,
-9000.0
195.0,
-5492.0
196.0,
-4014.0
197.0,
-3902.0
198.0,
-4834.0
199.0,
-4996.0
200.0,
-4702.0
201.0,
11990.0
202.0,
12136.0
203.0,
12402.0
204.0,
12698.0
205.0,
12706.0
206.0,
12658.0
207.0,
12656.0
208.0,
12688.0
12960.0
210.0,
12934.0
211.0,
12904.0
