t, ir, imu 
12.68000, -0.00000, -5174.00000
12.73000, 1.09453, -5050.00000
12.78000, 4.75061, -5130.00000
12.83000, 7.49656, -4980.00000
12.88000, 4.11403, -5242.00000
12.93000, -2.37406, -5076.00000
12.98000, -5.85024, -5102.00000
13.03000, -6.50062, -5074.00000
13.08000, -7.31796, -5310.00000
13.13000, -8.92411, -5002.00000
13.18000, -9.93700, -5184.00000
13.23000, -9.39244, -5058.00000
13.28000, -7.92608, -5374.00000
13.33000, -6.58449, -4916.00000
13.38000, -6.15932, -5228.00000
13.43000, -6.46358, -5096.00000
13.48000, -5.15963, -5106.00000
13.53000, -1.35051, -5196.00000
13.58000, 2.09760, -5086.00000
13.63000, 2.99438, -5212.00000
13.68000, 1.93613, -5206.00000
13.73000, 1.00635, -5064.00000
13.78000, 2.91711, -5326.00000
13.83000, 7.65253, -4992.00000
13.88000, 10.87915, -5044.00000
13.93000, 9.77410, -5192.00000
13.98000, 7.06458, -5094.00000
14.03000, 5.77072, -5052.00000
14.08000, 5.15251, -5214.00000
14.13000, 4.26297, -5142.00000
14.18000, 3.14139, -5260.00000
14.23000, 1.98869, -5134.00000
14.28000, 2.40868, -5106.00000
14.33000, 4.29776, -5144.00000
14.38000, 5.03397, -5276.00000
14.43000, 4.09645, -5110.00000
14.48000, 2.93297, -5236.00000
14.53000, 2.32974, -5100.00000
14.58000, 0.91659, -5042.00000
14.63000, -1.98222, -5264.00000
14.68000, -4.06089, -5144.00000
14.73000, -4.42111, -5226.00000
14.78000, -2.11219, -5150.00000
14.83000, 3.11697, -4952.00000
14.88000, 6.63492, -5304.00000
14.93000, 5.77482, -5192.00000
14.98000, 2.87272, -4982.00000
15.03000, 0.20743, -5170.00000
15.08000, -1.46872, -5100.00000
15.13000, -1.97012, -5156.00000
15.18000, -1.57545, -5078.00000
15.23000, -0.90349, -5104.00000
15.28000, -0.83755, -5144.00000
15.33000, -1.67994, -4982.00000
15.38000, -2.17839, -5170.00000
15.43000, -1.77162, -5026.00000
15.48000, -1.54482, -5246.00000
15.53000, -1.89004, -4986.00000
15.58000, -2.16230, -5032.00000
15.63000, -1.70158, -5248.00000
15.68000, -0.81244, -5088.00000
15.73000, -0.96089, -4918.00000
15.78000, -1.95178, -4946.00000
15.83000, -2.08893, -5040.00000
15.88000, -1.56154, -4882.00000
15.93000, -0.73276, -4462.00000
15.98000, 0.67703, -4728.00000
16.03000, 1.57143, -4914.00000
16.08000, 1.11245, -4018.00000
16.13000, 0.03871, -4412.00000
16.18000, -0.29908, -3928.00000
16.23000, -0.05078, -3304.00000
16.28000, -1.08900, -3326.00000
16.33000, -2.86018, -4176.00000
16.38000, -2.16658, -2674.00000
16.43000, -0.78337, -3274.00000
16.48000, -2.82153, -3356.00000
16.53000, -3.31967, -2850.00000
16.58000, 2.11336, -2578.00000
16.63000, 7.21912, -2436.00000
16.68000, 6.91561, -2710.00000
16.73000, 3.11706, -1558.00000
16.78000, 0.27583, -622.00000
16.83000, 0.64260, -976.00000
16.88000, 1.80811, -800.00000
16.93000, 1.29657, -850.00000
16.98000, 0.26055, -810.00000
17.03000, 0.37485, -1086.00000
17.08000, 0.84574, -340.00000
17.13000, -0.57431, -146.00000
17.18000, -3.50140, 678.00000
17.23000, -3.77168, 82.00000
17.28000, -0.61589, 222.00000
17.33000, 1.52514, 768.00000
17.38000, -0.37850, -150.00000
17.43000, -4.40383, 266.00000
17.48000, -4.58120, 172.00000
17.53000, -0.42269, -426.00000
17.58000, 0.81250, 654.00000
17.63000, -1.62509, -264.00000
17.68000, -1.54720, 334.00000
17.73000, 1.74994, -90.00000
17.78000, 4.47585, 500.00000
17.83000, 4.92590, 416.00000
17.88000, 3.34081, 26.00000
17.93000, 0.02839, 532.00000
17.98000, -3.35674, -22.00000
18.03000, -2.81731, 442.00000
18.08000, 1.73482, 312.00000
18.13000, 4.51936, -36.00000
18.18000, 2.75742, 620.00000
18.23000, -0.33288, -174.00000
18.28000, -1.49809, 650.00000
18.33000, -2.61764, -196.00000
18.38000, -5.60808, 346.00000
18.43000, -6.83543, 198.00000
18.48000, -4.73605, -222.00000
18.53000, -1.10228, 1162.00000
18.58000, 2.70702, 674.00000
18.63000, 4.28796, -1770.00000
18.68000, 3.69404, -84.00000
18.73000, 3.47997, -1616.00000
18.78000, 3.98615, -1204.00000
18.83000, 3.71671, -2080.00000
18.88000, 2.15404, -1846.00000
18.93000, 0.26547, -4234.00000
18.98000, -0.97350, -576.00000
19.03000, -1.40973, -2590.00000
19.08000, -1.55782, -3868.00000
19.13000, -1.65530, -2412.00000
19.18000, -1.57023, -3096.00000
19.23000, -1.55423, -3000.00000
19.28000, -1.60059, -3130.00000
19.33000, -1.60103, -3394.00000
19.38000, -1.60269, -3356.00000
19.43000, -1.23847, -2986.00000
19.48000, -0.72432, -3170.00000
19.53000, -0.84052, -3842.00000
19.58000, -1.50798, -3804.00000
19.63000, -2.72538, -5110.00000
19.68000, -4.55682, -3646.00000
19.73000, -6.32806, -2966.00000
19.78000, -6.94263, -4316.00000
19.83000, -3.40528, -5680.00000
19.88000, 3.66408, -5366.00000
19.93000, 7.76675, -5170.00000
19.98000, 6.90405, -4498.00000
20.03000, 4.60294, -5564.00000
20.08000, 2.88419, -5656.00000
20.13000, 1.65246, -6026.00000
20.18000, 0.87800, -6066.00000
20.23000, 0.50162, -5914.00000
20.28000, -1.00521, -5712.00000
20.33000, -3.60763, -5354.00000
20.38000, -2.85788, -4380.00000
20.43000, 1.44479, -4726.00000
20.48000, 1.70308, -4154.00000
20.53000, -3.55275, -4924.00000
20.58000, -7.24923, -5504.00000
20.63000, -5.91301, -3476.00000
20.68000, 0.32181, -2278.00000
20.73000, 7.99100, -972.00000
20.78000, 10.07454, -1492.00000
20.83000, 6.28953, -1998.00000
20.88000, 2.54614, -1868.00000
20.93000, 1.66424, -140.00000
20.98000, 1.49579, -778.00000
21.03000, 0.22521, -674.00000
21.08000, 0.19634, -1148.00000
21.13000, 1.82239, -630.00000
21.18000, 1.97822, 272.00000
21.23000, 0.68715, -818.00000
21.28000, -0.50840, 750.00000
21.33000, -1.95295, -660.00000
21.38000, -3.20173, -192.00000
21.43000, -2.92200, -1236.00000
21.48000, -1.42119, -558.00000
21.53000, -0.40640, -960.00000
21.58000, -0.35114, -4790.00000
21.63000, -0.50770, -2168.00000
21.68000, -1.62717, -384.00000
21.73000, -3.51904, -1634.00000
21.78000, -2.97371, -3234.00000
21.83000, 0.18295, -4604.00000
21.88000, 2.18022, -4156.00000
21.93000, 1.35502, -3612.00000
21.98000, -0.63163, -3560.00000
22.03000, -1.40829, -2828.00000
22.08000, -0.59843, -2606.00000
22.13000, 0.26613, -2850.00000
22.18000, 0.17692, -3142.00000
22.23000, -0.83683, -2718.00000
22.28000, -2.01896, -2124.00000
22.33000, -2.03241, -2044.00000
22.38000, -0.67944, -1238.00000
22.43000, -0.85845, -1826.00000
22.48000, -3.63520, -2300.00000
22.53000, -3.25524, -2742.00000
22.58000, 2.42185, -622.00000
22.63000, 6.66434, -500.00000
22.68000, 5.67100, -1304.00000
22.73000, 2.22240, 302.00000
22.78000, 0.13235, -552.00000
22.83000, 0.82631, -2414.00000
22.88000, 2.30000, -4562.00000
22.93000, 2.26198, -2820.00000
22.98000, 1.15288, -1224.00000
23.03000, 0.02158, -2658.00000
23.08000, -1.13166, -2832.00000
23.13000, -1.65481, -3680.00000
23.18000, -0.78000, -3142.00000
23.23000, 0.51250, -3616.00000
23.28000, 0.61812, -3172.00000
23.33000, -0.51894, -2520.00000
23.38000, -1.64937, -3000.00000
23.43000, -1.98017, -4520.00000
23.48000, -1.83249, -3288.00000
23.53000, -1.84087, -2058.00000
23.58000, -1.81703, -2570.00000
23.63000, -1.22517, -2020.00000
23.68000, -0.51976, -3130.00000
23.73000, -0.56132, -1948.00000
23.78000, -0.86990, -1734.00000
23.83000, -0.45552, -1402.00000
23.88000, -0.26333, -614.00000
23.93000, -1.45057, -2618.00000
23.98000, -3.17205, -1314.00000
24.03000, -4.57576, -3916.00000
24.08000, -3.79015, -3852.00000
24.13000, 1.18992, -4664.00000
24.18000, 6.91337, -830.00000
24.23000, 8.68659, -6648.00000
24.28000, 7.07724, -7012.00000
24.33000, 4.73148, -5126.00000
24.38000, 3.00149, -4944.00000
24.43000, 1.58129, -4256.00000
24.48000, -0.37024, -4504.00000
24.53000, -1.77308, -3894.00000
24.58000, -1.38262, -4326.00000
24.63000, -0.34348, -3872.00000
24.68000, -0.26453, -3600.00000
24.73000, -1.09157, -1340.00000
24.78000, -2.02471, -2438.00000
24.83000, -2.51612, -2176.00000
24.88000, -1.68651, -2164.00000
24.93000, 0.13176, -2654.00000
24.98000, 1.06649, -2952.00000
25.03000, 0.63170, -610.00000
25.08000, -0.11193, -2086.00000
25.13000, -0.71129, -3280.00000
25.18000, -1.22194, -5606.00000
25.23000, -1.26789, -2914.00000
25.28000, -0.96711, -3476.00000
25.33000, -0.66624, -1136.00000
25.38000, -0.07469, -4230.00000
25.43000, 0.64508, -4764.00000
25.48000, 0.66237, -3610.00000
25.53000, -0.23524, -2608.00000
25.58000, -1.16965, -3688.00000
25.63000, -1.11573, -4754.00000
25.68000, -0.38658, -454.00000
25.73000, -0.10270, -2694.00000
25.78000, -1.95248, -2222.00000
25.83000, -5.59807, -2114.00000
25.88000, -4.72972, -1568.00000
25.93000, 2.29382, -1170.00000
25.98000, 6.03997, -996.00000
26.03000, 2.51323, -1596.00000
26.08000, -0.45391, -774.00000
26.13000, 1.31114, -2942.00000
26.18000, 3.58653, -4080.00000
26.23000, 3.86680, -4808.00000
26.28000, 3.14291, -3340.00000
26.33000, 1.93120, -2882.00000
26.38000, 0.37670, -3742.00000
26.43000, -1.87275, -3940.00000
26.48000, -5.55693, -3936.00000
26.53000, -7.46897, -4868.00000
26.58000, -4.28202, -4448.00000
26.63000, 0.44283, -2624.00000
26.68000, 3.40557, -4288.00000
26.73000, 4.89872, -5518.00000
26.78000, 2.44216, -4268.00000
26.83000, -3.87902, -3676.00000
26.88000, -4.95232, -3950.00000
26.93000, 1.40044, -3636.00000
26.98000, 5.11925, -2470.00000
27.03000, 4.05909, -2812.00000
27.08000, 3.49447, -1010.00000
27.13000, 2.74482, -1848.00000
27.18000, -0.26042, -762.00000
27.23000, -2.53673, -2458.00000
27.28000, -2.09160, -5524.00000
27.33000, -1.38817, -4424.00000
27.38000, -0.24491, -2428.00000
27.43000, 2.76409, -796.00000
27.48000, 3.07828, -3842.00000
27.53000, -2.78237, -3790.00000
27.58000, -7.34363, -2278.00000
27.63000, -2.87740, -2672.00000
27.68000, 4.91791, -3202.00000
27.73000, 7.07395, -2742.00000
27.78000, 3.54462, -2710.00000
27.83000, -0.66122, -3290.00000
27.88000, -1.98471, -3494.00000
27.93000, -0.87048, -1112.00000
27.98000, -0.62382, -1928.00000
28.03000, -2.37283, -2174.00000
28.08000, -3.73625, -1472.00000
28.13000, -3.89695, -1342.00000
28.18000, -4.07690, -2014.00000
28.23000, -3.69281, -3936.00000
28.28000, -0.62826, -3638.00000
28.33000, 3.94862, -2688.00000
28.38000, 6.04422, -3518.00000
28.43000, 5.28963, 274.00000
28.48000, 1.90721, -4970.00000
28.53000, -3.88813, -3872.00000
28.58000, -7.16429, -3202.00000
28.63000, -5.29465, -2158.00000
28.68000, 0.01897, -4706.00000
28.73000, 5.11971, -4490.00000
28.78000, 4.63428, -3432.00000
28.83000, 0.30307, -1284.00000
28.88000, -0.60151, -3088.00000
28.93000, 2.12226, -2846.00000
28.98000, 3.35742, -1540.00000
29.03000, 1.84807, -370.00000
29.08000, -0.10098, -1312.00000
29.13000, -1.39445, -4122.00000
29.18000, -2.86571, -6796.00000
29.23000, -4.51340, -3560.00000
29.28000, -3.98681, -3376.00000
29.33000, -0.25317, -5530.00000
29.38000, 1.87855, -4706.00000
29.43000, -0.59242, -4420.00000
29.48000, -1.08570, -2814.00000
29.53000, 3.43284, -3988.00000
29.58000, 4.24517, -5850.00000
29.63000, -2.10885, -4024.00000
29.68000, -4.83917, -4366.00000
29.73000, 1.11508, -4650.00000
29.78000, 4.45393, -2392.00000
29.83000, -0.63188, -2418.00000
29.88000, -3.58112, -1656.00000
29.93000, 1.51394, -1864.00000
29.98000, 5.35156, -1568.00000
30.03000, 1.96296, -5896.00000
30.08000, -0.77367, -5570.00000
30.13000, 2.03435, -2218.00000
30.18000, 3.36684, -3394.00000
30.23000, 0.35811, -4324.00000
30.28000, -0.60952, -3738.00000
30.33000, 1.83258, -2442.00000
30.38000, 0.70124, -1310.00000
30.43000, -5.25633, -3920.00000
30.48000, -6.42881, -3254.00000
30.53000, 0.30006, -4246.00000
30.58000, 5.19085, -2066.00000
30.63000, 2.99810, -1074.00000
30.68000, -0.68796, -1408.00000
30.73000, -0.81145, -394.00000
30.78000, 0.16942, -1526.00000
30.83000, -1.06898, 1434.00000
30.88000, -1.84642, -4646.00000
30.93000, 0.09522, -6734.00000
30.98000, 0.48444, -3596.00000
31.03000, -2.98012, -3096.00000
31.08000, -4.36228, -2824.00000
31.13000, -0.72116, -3380.00000
31.18000, 0.88097, -3754.00000
31.23000, -3.38012, -2640.00000
31.28000, -5.79108, -4138.00000
31.33000, -1.46108, -4496.00000
31.38000, 2.01902, -3612.00000
31.43000, -0.64442, -4170.00000
31.48000, -2.31711, -3254.00000
31.53000, 1.60597, -250.00000
31.58000, 4.09599, -2560.00000
31.63000, 1.20250, -2992.00000
31.68000, -0.11287, -4844.00000
31.73000, 3.69822, -10354.00000
31.78000, 5.61465, 306.00000
31.83000, 2.13281, -5756.00000
31.88000, -0.51171, -4820.00000
31.93000, 1.00071, -4850.00000
31.98000, 2.42492, -5624.00000
32.03000, 1.69139, -3934.00000
32.08000, 1.23534, -5876.00000
32.13000, 1.72455, -2658.00000
32.18000, 0.72928, -3896.00000
32.23000, -2.16718, -1188.00000
32.28000, -3.01049, -6258.00000
32.33000, -0.57720, -1576.00000
32.38000, 1.51594, -4918.00000
32.43000, 1.79421, -1880.00000
32.48000, 1.00288, -3440.00000
32.53000, -0.66654, -1014.00000
32.58000, -4.01983, 1332.00000
32.63000, -8.94252, -704.00000
32.68000, -9.97078, 2304.00000
32.73000, -3.56011, -4338.00000
32.78000, 2.35572, -5482.00000
32.83000, 0.89635, -3650.00000
32.88000, -1.00163, -1834.00000
32.93000, 2.72257, -1516.00000
32.98000, 5.01699, -2304.00000
33.03000, 0.94212, -3740.00000
33.08000, -1.55142, -4286.00000
33.13000, 2.53274, -1584.00000
33.18000, 4.80904, -3236.00000
33.23000, -0.04339, -3326.00000
33.28000, -3.69682, -3940.00000
33.33000, -0.09990, -4240.00000
33.38000, 3.23116, -3860.00000
33.43000, -0.18512, -2576.00000
33.48000, -3.39154, -2268.00000
33.53000, 0.49453, -1470.00000
33.58000, 4.20369, -4054.00000
33.63000, 0.77078, -1670.00000
33.68000, -1.79373, -6110.00000
33.73000, 2.49862, -5786.00000
33.78000, 5.09296, -3818.00000
33.83000, 0.56953, -2274.00000
33.88000, -2.54495, -3200.00000
33.93000, 1.35731, -6320.00000
33.98000, 3.91321, -4054.00000
34.03000, -0.46247, -4228.00000
34.08000, -4.11873, -1404.00000
34.13000, -1.66524, -3590.00000
34.18000, 1.88959, -4306.00000
34.23000, 2.07271, -5224.00000
34.28000, 0.99106, -4014.00000
34.33000, 0.98720, -2742.00000
34.38000, 0.14064, -4468.00000
34.43000, -2.05876, -5702.00000
34.48000, -2.44111, 878.00000
34.53000, -0.51766, -8142.00000
34.58000, 0.35785, -3250.00000
34.63000, -1.01492, -5752.00000
34.68000, -1.69482, -4626.00000
34.73000, -0.22998, -6504.00000
34.78000, -0.31905, -5132.00000
34.83000, -4.52772, -3900.00000
34.88000, -7.35581, -3924.00000
34.93000, -3.33286, -5004.00000
34.98000, 0.91363, -5338.00000
35.03000, -1.62848, -3792.00000
35.08000, -3.08004, -3640.00000
35.13000, 2.35955, -1878.00000
35.18000, 4.60576, -2638.00000
35.23000, -1.56723, -1274.00000
35.28000, -5.03661, 148.00000
35.33000, -0.01388, -4266.00000
35.38000, 3.38980, -5364.00000
35.43000, -0.12281, -2978.00000
35.48000, -0.95481, -804.00000
35.53000, 5.75619, -2062.00000
35.58000, 9.03566, -3398.00000
35.63000, 2.40469, -4214.00000
35.68000, -2.24410, -2414.00000
35.73000, 2.82551, -5054.00000
35.78000, 5.65277, -3738.00000
35.83000, -0.95346, -1724.00000
35.88000, -4.69818, -4244.00000
35.93000, 1.41424, -1914.00000
35.98000, 6.68275, -1876.00000
36.03000, 4.18366, 998.00000
36.08000, -1.82073, -2734.00000
36.13000, -6.62466, -8762.00000
36.18000, -5.87014, -7586.00000
36.23000, 0.39820, -1994.00000
36.28000, 5.55586, 782.00000
36.33000, 5.14284, -5190.00000
36.38000, 0.52405, -5370.00000
36.43000, -2.55997, -4348.00000
36.48000, -1.19323, -2104.00000
36.53000, 1.23989, 2.00000
36.58000, 1.68193, 2872.00000
36.63000, 0.18638, 4942.00000
36.68000, -1.58785, 12892.00000
36.73000, -2.06534, 7510.00000
36.78000, -1.48068, 1366.00000
36.83000, -0.96428, 1786.00000
36.88000, -0.78074, 10468.00000
36.93000, -0.98204, 14860.00000
36.98000, -2.05584, 15856.00000
37.03000, -4.27400, 14738.00000
37.08000, -6.03574, 8142.00000
37.13000, -4.38073, 6662.00000
37.18000, -0.18355, 4280.00000
37.23000, 1.36311, 6816.00000
37.28000, -1.21749, 6784.00000
37.33000, -2.47385, 5034.00000
37.38000, 0.72580, 5714.00000
37.43000, 4.26043, 4484.00000
37.48000, 4.05456, 5060.00000
37.53000, 0.94495, 7648.00000
37.58000, -0.86428, 7880.00000
37.63000, 0.53185, 3742.00000
37.68000, 2.38388, 3558.00000
37.73000, 2.44527, -330.00000
37.78000, 0.73531, 1680.00000
37.83000, -1.28381, 312.00000
37.88000, -2.49979, -1062.00000
37.93000, -3.61341, -5258.00000
37.98000, -2.39102, -4334.00000
38.03000, 2.63846, -2634.00000
38.08000, 6.30168, -2296.00000
38.13000, 5.24214, -4572.00000
38.18000, 2.25513, -1846.00000
38.23000, 0.45281, -952.00000
38.28000, 0.01850, 1404.00000
38.33000, -0.27985, 1840.00000
38.38000, -0.84811, 3406.00000
38.43000, -1.41248, 4066.00000
38.48000, -1.90206, 4186.00000
38.53000, -2.12796, 2408.00000
38.58000, -1.87997, 1444.00000
38.63000, -0.95879, 2128.00000
38.68000, 0.67758, 1284.00000
38.73000, 1.69701, 616.00000
38.78000, -1.35174, 1768.00000
38.83000, -8.33240, 1160.00000
38.88000, -9.89914, 1042.00000
38.93000, -1.71302, -4.00000
38.98000, 6.56758, -584.00000
39.03000, 8.22947, -1368.00000
39.08000, 6.05675, -1998.00000
39.13000, 3.14951, -1754.00000
39.18000, 0.99115, -2392.00000
39.23000, 0.71000, -2584.00000
39.28000, 0.88069, 140.00000
39.33000, -0.80217, 64.00000
39.38000, -3.71851, 1790.00000
39.43000, -5.66981, 1132.00000
39.48000, -4.02337, 1170.00000
39.53000, 0.82825, 1088.00000
39.58000, 3.82003, -516.00000
39.63000, 2.05931, -234.00000
39.68000, -2.33974, 366.00000
39.73000, -4.86518, 222.00000
39.78000, -2.72525, -820.00000
39.83000, 2.92865, -1168.00000
39.88000, 8.11038, -1644.00000
39.93000, 8.24819, -1808.00000
39.98000, 3.62223, -2216.00000
40.03000, 0.09699, -1508.00000
40.08000, 0.75604, -2186.00000
40.13000, 2.03627, -3552.00000
40.18000, 0.61606, -1616.00000
40.23000, -2.04736, -1658.00000
40.28000, -3.35553, -992.00000
40.33000, -2.74376, -568.00000
40.38000, -1.87179, 5588.00000
40.43000, -2.57527, 9132.00000
40.48000, -3.27077, 13204.00000
40.53000, -1.93160, 9950.00000
40.58000, -0.17664, 9028.00000
40.63000, 0.61359, 7846.00000
40.68000, 0.93793, 10258.00000
40.73000, 0.75302, 8682.00000
40.78000, -0.06934, 7210.00000
40.83000, -0.55794, 4000.00000
40.88000, -0.23368, 2730.00000
40.93000, -0.02398, 2844.00000
40.98000, 0.09360, 1568.00000
41.03000, 0.88404, 280.00000
41.08000, 1.67975, -478.00000
41.13000, 1.36154, -1450.00000
41.18000, -0.32114, -1848.00000
41.23000, -2.82351, -3266.00000
41.28000, -4.14489, -3972.00000
41.33000, -2.47128, -5032.00000
41.38000, 0.56079, -4978.00000
41.43000, 2.39691, -4750.00000
41.48000, 2.69524, -4222.00000
41.53000, 1.24597, -4480.00000
41.58000, -1.39113, -4972.00000
41.63000, -2.18503, -5510.00000
41.68000, -0.14158, -5282.00000
41.73000, 1.78261, -4126.00000
41.78000, 1.43141, -4426.00000
41.83000, 0.11090, -4984.00000
41.88000, 0.05652, -4146.00000
41.93000, 0.45219, -5112.00000
41.98000, -0.39297, -7204.00000
42.03000, -1.09545, -8562.00000
42.08000, -1.96457, -8342.00000
42.13000, -4.27657, -7440.00000
42.18000, -3.50512, -6304.00000
42.23000, 2.46567, -6030.00000
42.28000, 6.86710, -9064.00000
42.33000, 5.18571, -9632.00000
42.38000, 1.82027, -12720.00000
42.43000, 1.38520, -13508.00000
42.48000, 2.58931, -18334.00000
42.53000, 2.83654, -16456.00000
42.58000, 0.58874, -13062.00000
42.63000, -3.22508, -13358.00000
42.68000, -3.92123, -17448.00000
42.73000, -0.77939, -18662.00000
42.78000, 0.83140, -18764.00000
42.83000, -0.99446, -20382.00000
42.88000, -2.66988, -22352.00000
42.93000, -2.03977, -19494.00000
42.98000, -0.66407, -23526.00000
43.03000, -0.16064, -24764.00000
43.08000, -0.76228, -21874.00000
43.13000, -2.04779, -18790.00000
43.18000, -2.67964, -19056.00000
43.23000, -2.31806, -19732.00000
43.28000, -1.83711, -15252.00000
43.33000, -0.67519, -18674.00000
43.38000, 1.23245, -14910.00000
43.43000, 2.38792, -11306.00000
43.48000, 2.31670, -7716.00000
43.53000, 1.76716, -8166.00000
43.58000, 2.33306, -5456.00000
43.63000, 4.13709, -8694.00000
43.68000, 4.49677, -800.00000
43.73000, 2.35680, -3630.00000
43.78000, -0.18811, -1142.00000
43.83000, -1.17559, 82.00000
43.88000, -0.70173, -1452.00000
43.93000, -0.85704, 2326.00000
43.98000, -2.36738, 2636.00000
44.03000, -3.08053, 3140.00000
44.08000, -2.23073, 2290.00000
44.13000, -0.49858, 2624.00000
44.18000, 1.45899, -2064.00000
44.23000, 0.91952, -2566.00000
44.28000, -2.77736, -4806.00000
44.33000, -4.03984, -6530.00000
44.38000, 0.03045, -14006.00000
44.43000, 3.87855, -17662.00000
44.48000, 3.22670, -19792.00000
44.53000, 2.63452, -20892.00000
44.58000, 6.65341, -21258.00000
44.63000, 8.61181, -19630.00000
44.68000, 2.34670, -17490.00000
44.73000, -5.55200, -13478.00000
44.78000, -7.91456, -11396.00000
44.83000, -6.38811, -10364.00000
44.88000, -4.93730, -9934.00000
44.93000, -4.68334, -4526.00000
44.98000, -5.32490, -7170.00000
45.03000, -5.11155, -2346.00000
45.08000, -2.54439, -4972.00000
45.13000, 1.17772, 628.00000
45.18000, 3.83230, 7050.00000
45.23000, 4.19399, 6312.00000
45.28000, 2.25781, 9308.00000
45.33000, -0.80303, 6930.00000
45.38000, -0.82356, 4430.00000
45.43000, 3.55084, 10592.00000
45.48000, 6.52444, 10372.00000
45.53000, 4.99125, 6450.00000
45.58000, 2.29161, 14356.00000
45.63000, 0.27658, 8692.00000
45.68000, -1.98385, 10790.00000
45.73000, -3.77428, 8404.00000
45.78000, -3.54706, 3754.00000
45.83000, -0.11102, 5728.00000
45.88000, 4.79521, 3542.00000
45.93000, 6.37930, 9796.00000
45.98000, 4.03537, 13734.00000
46.03000, 1.32479, 5718.00000
46.08000, -0.04137, 3880.00000
46.13000, -1.35875, 3556.00000
46.18000, -3.14698, 526.00000
46.23000, -3.08344, 1822.00000
46.28000, -0.76348, -372.00000
46.33000, 0.77058, -3954.00000
46.38000, 0.13907, -2886.00000
46.43000, -1.04965, -5364.00000
46.48000, -1.33631, -5050.00000
46.53000, -0.98238, -5530.00000
46.58000, -0.91814, -6902.00000
46.63000, -1.24219, -7546.00000
46.68000, -1.03252, -6498.00000
46.73000, -0.36473, -6984.00000
46.78000, -0.45107, -6144.00000
46.83000, -1.68243, -7370.00000
46.88000, -3.08263, -6404.00000
46.93000, -2.30898, -6108.00000
46.98000, 0.60268, -7022.00000
47.03000, 2.19148, -7322.00000
47.08000, 1.19881, -6150.00000
47.13000, -0.40930, -5448.00000
47.18000, -0.60338, -5492.00000
47.23000, 0.75921, -4952.00000
47.28000, 2.05123, -3726.00000
47.33000, 1.69539, -2574.00000
47.38000, 0.02427, -4820.00000
47.43000, -0.76263, -3850.00000
47.48000, 0.28906, -3262.00000
47.53000, 1.37328, -1982.00000
47.58000, 0.89210, -1194.00000
47.63000, 0.17329, -250.00000
47.68000, -0.10400, -1896.00000
47.73000, -1.34916, -204.00000
47.78000, -1.83720, -2264.00000
47.83000, -1.95086, -5944.00000
47.88000, -4.92296, -4848.00000
47.93000, -5.93674, -620.00000
47.98000, -1.88951, -1590.00000
48.03000, 2.05725, -3572.00000
48.08000, 4.56681, -2076.00000
48.13000, 5.94395, -3560.00000
48.18000, 4.71738, -5042.00000
48.23000, 3.33855, -5248.00000
48.28000, 4.19208, -3406.00000
48.33000, 4.86147, -3852.00000
48.38000, 2.87156, -3794.00000
48.43000, -0.28411, -1764.00000
48.48000, -1.20803, -3460.00000
48.53000, 0.04955, -2934.00000
48.58000, 0.33740, -3492.00000
48.63000, -0.83645, -4772.00000
48.68000, -1.60900, -2804.00000
48.73000, -1.56725, -3636.00000
48.78000, -1.54015, -4850.00000
48.83000, -1.66116, -3140.00000
48.88000, -1.75996, -6452.00000
48.93000, -1.99090, -4232.00000
48.98000, -2.03117, -4426.00000
49.03000, -1.86222, -8810.00000
49.08000, -3.39697, -8122.00000
49.13000, -6.42615, -8038.00000
49.18000, -5.76147, -8530.00000
49.23000, -0.37016, -11760.00000
49.28000, 3.91866, -10168.00000
49.33000, 4.19838, -8104.00000
49.38000, 2.23269, -8200.00000
49.43000, 0.13656, -12572.00000
49.48000, -0.17763, -14634.00000
49.53000, 0.87025, -12774.00000
49.58000, 0.87235, -9832.00000
49.63000, -0.71019, -9592.00000
49.68000, -3.43217, -9620.00000
49.73000, -4.13374, -14398.00000
49.78000, 0.42194, -8576.00000
49.83000, 6.01359, -11096.00000
49.88000, 7.49658, -12102.00000
49.93000, 5.72145, -12334.00000
49.98000, 3.15271, -11794.00000
50.03000, 1.21686, -12164.00000
50.08000, 0.73351, -10070.00000
50.13000, 0.88171, -11134.00000
50.18000, 0.48026, -10286.00000
50.23000, -0.05697, -11806.00000
50.28000, -0.63424, -5386.00000
50.33000, -1.52435, -7042.00000
50.38000, -1.43447, -10806.00000
50.43000, -0.07429, -10092.00000
50.48000, 0.62113, -7700.00000
50.53000, -0.25435, -5076.00000
50.58000, -1.83315, -4038.00000
50.63000, -2.67219, -4664.00000
50.68000, -1.97123, -3194.00000
50.73000, -1.94373, -3800.00000
50.78000, -4.26992, -3870.00000
50.83000, -6.71272, -2110.00000
50.88000, -7.31680, -4426.00000
50.93000, -3.95077, -4180.00000
50.98000, 2.66599, -2264.00000
51.03000, 6.12019, -2082.00000
51.08000, 4.68721, -1470.00000
51.13000, 3.01942, -482.00000
51.18000, 3.10338, -2774.00000
51.23000, 3.16333, -2216.00000
51.28000, 2.35215, -3360.00000
51.33000, 1.51463, -1836.00000
51.38000, 1.05374, -792.00000
51.43000, 0.63254, -5062.00000
51.48000, -0.09527, -3856.00000
51.53000, -1.26150, -6050.00000
51.58000, -3.37709, -3130.00000
51.63000, -5.64048, -332.00000
51.68000, -5.51656, -1450.00000
51.73000, -3.32910, -4422.00000
51.78000, -0.68438, -1474.00000
51.83000, 2.05374, 48.00000
51.88000, 3.57542, -1070.00000
51.93000, 3.37990, -1892.00000
51.98000, 1.63888, -526.00000
52.03000, -1.16300, -1148.00000
52.08000, -1.84703, -1366.00000
52.13000, 0.63373, 2756.00000
52.18000, 2.20413, -1734.00000
52.23000, 1.14752, -5924.00000
52.28000, 0.12443, -3470.00000
52.33000, 0.05112, 304.00000
52.38000, -0.23384, -1288.00000
52.43000, -0.35578, -1812.00000
52.48000, 0.00377, -3306.00000
52.53000, -0.20004, -1696.00000
52.58000, -0.28032, -1362.00000
52.63000, 1.19493, -2962.00000
52.68000, 2.79740, -3172.00000
52.73000, 0.84467, -1410.00000
52.78000, -4.11494, -1166.00000
52.83000, -4.40932, -1054.00000
52.88000, 1.81201, -1858.00000
52.93000, 6.17663, 44.00000
52.98000, 4.72963, -2284.00000
53.03000, 1.33086, -4250.00000
53.08000, -0.53895, -2486.00000
53.13000, -0.77464, 3462.00000
53.18000, -0.86666, 880.00000
53.23000, -1.48670, -2180.00000
53.28000, -1.85359, -1440.00000
53.33000, -1.70586, -1526.00000
53.38000, -1.54976, -1532.00000
53.43000, -1.10722, -3052.00000
53.48000, -1.39802, -1486.00000
53.53000, -2.96722, -1480.00000
53.58000, -2.90130, -672.00000
53.63000, -0.26309, -1734.00000
53.68000, 1.40181, -5254.00000
53.73000, 0.00852, -246.00000
53.78000, -0.86095, 2454.00000
53.83000, 0.88563, -804.00000
53.88000, 1.52181, -3026.00000
53.93000, 0.86211, -786.00000
53.98000, 1.89993, -2276.00000
54.03000, 3.39332, -2386.00000
54.08000, 3.33969, -2862.00000
54.13000, 2.15112, -2008.00000
54.18000, 1.06652, -1814.00000
54.23000, 0.59392, -2602.00000
54.28000, 0.24305, -2256.00000
54.33000, -0.02512, -3474.00000
54.38000, -0.14518, -3234.00000
54.43000, -0.79194, -842.00000
54.48000, -1.77641, -1842.00000
54.53000, -1.91905, -3404.00000
54.58000, -2.30797, -2462.00000
54.63000, -3.79593, -610.00000
54.68000, -3.01517, -2938.00000
54.73000, 0.89008, -4344.00000
54.78000, 3.76299, -2684.00000
54.83000, 3.81055, -1490.00000
54.88000, 2.57786, -2454.00000
54.93000, 0.71200, -1830.00000
54.98000, -1.41722, -1376.00000
55.03000, -1.78753, -2900.00000
55.08000, -0.06976, -3456.00000
55.13000, 1.17773, -1526.00000
55.18000, 0.69037, -2366.00000
55.23000, -0.70912, -1616.00000
55.28000, -1.89694, -3690.00000
55.33000, -1.86282, -2274.00000
55.38000, -0.75747, -2294.00000
55.43000, -1.04522, -3162.00000
55.48000, -3.91934, -2486.00000
55.53000, -5.02098, -2546.00000
55.58000, -1.17009, -1384.00000
55.63000, 3.27411, -1650.00000
55.68000, 3.89029, -1806.00000
55.73000, 2.00022, -2324.00000
55.78000, 0.68334, -3296.00000
55.83000, 1.06855, -3840.00000
55.88000, 1.24434, -1068.00000
55.93000, -0.88583, -614.00000
55.98000, -2.81521, -2464.00000
56.03000, -1.64096, -3652.00000
56.08000, 1.10435, -3814.00000
56.13000, 2.13262, -2138.00000
56.18000, 0.62414, -2080.00000
56.23000, 0.00627, -1390.00000
56.28000, 1.97864, -2664.00000
56.33000, 3.21779, -1696.00000
56.38000, 1.90739, -1870.00000
56.43000, 0.26446, -570.00000
56.48000, -0.01891, -1212.00000
56.53000, -0.15651, -5080.00000
56.58000, -1.32593, -2526.00000
56.63000, -2.56679, -528.00000
56.68000, -2.75020, 18.00000
56.73000, -1.61600, -1218.00000
56.78000, -0.08381, -2632.00000
56.83000, -0.05200, -964.00000
56.88000, -1.27498, -2234.00000
56.93000, -1.99393, -3128.00000
56.98000, -2.14029, -2056.00000
57.03000, -0.82781, -2262.00000
57.08000, 2.51923, -1020.00000
57.13000, 3.66753, -352.00000
57.18000, 0.48322, -3798.00000
57.23000, -1.51673, -3784.00000
57.28000, 0.71238, -2844.00000
57.33000, 1.77283, 294.00000
57.38000, -1.28068, -1776.00000
57.43000, -2.57627, -2824.00000
57.48000, 0.84677, -2168.00000
57.53000, 3.68098, -2378.00000
57.58000, 3.47495, -3354.00000
57.63000, 2.87561, -1992.00000
57.68000, 2.79364, -2582.00000
57.73000, 0.85971, -1826.00000
57.78000, -4.28537, -542.00000
57.83000, -7.13944, -3918.00000
57.88000, -2.33306, -4934.00000
57.93000, 4.48553, -1654.00000
57.98000, 5.35733, 110.00000
58.03000, 1.92371, -1480.00000
58.08000, -0.05497, -3150.00000
58.13000, 0.23757, -3604.00000
58.18000, 0.35932, -2526.00000
58.23000, -0.24924, -2488.00000
58.28000, -0.71344, -1842.00000
58.33000, -2.79726, -2552.00000
58.38000, -7.11799, -2928.00000
58.43000, -6.61601, -2184.00000
58.48000, 0.81724, -3730.00000
58.53000, 5.61880, -3930.00000
58.58000, 3.69277, -2206.00000
58.63000, 0.44033, 876.00000
58.68000, -0.85484, -1544.00000
58.73000, -1.21607, -2516.00000
58.78000, -1.16491, -3984.00000
58.83000, -0.16665, -2930.00000
58.88000, 1.18781, -934.00000
58.93000, 1.35876, -3158.00000
58.98000, 0.18405, -2958.00000
59.03000, -0.45125, -3300.00000
59.08000, -0.11474, -1992.00000
59.13000, -0.33874, -3070.00000
59.18000, -0.82613, -4068.00000
59.23000, -0.42289, -416.00000
59.28000, -0.24733, -2108.00000
59.33000, -1.51887, -3278.00000
59.38000, -2.25000, -3330.00000
59.43000, -0.24506, -2456.00000
59.48000, 2.60173, -2446.00000
59.53000, 3.25417, -2204.00000
59.58000, 1.88995, -2284.00000
59.63000, 0.63012, -2902.00000
59.68000, 0.38540, -3994.00000
59.73000, 0.23339, -2934.00000
59.78000, -0.85091, -3074.00000
59.83000, -1.81175, -5906.00000
59.88000, -0.80281, -2648.00000
59.93000, 0.85769, -42.00000
59.98000, 0.58169, -2036.00000
60.03000, -1.02155, -3566.00000
60.08000, -1.77717, -3604.00000
60.13000, -1.20108, -3364.00000
60.18000, -0.09888, -4200.00000
60.23000, 1.16237, -3748.00000
60.28000, 2.26165, -4034.00000
60.33000, 2.69291, -4878.00000
60.38000, 0.97525, -5396.00000
60.43000, -3.41211, -1952.00000
60.48000, -5.69835, -1040.00000
60.53000, -3.03605, -3298.00000
60.58000, 0.99605, -4048.00000
60.63000, 3.44712, -3570.00000
60.68000, 3.65641, -3842.00000
60.73000, 2.03683, -4312.00000
60.78000, 0.24408, -3122.00000
60.83000, -0.10700, -2582.00000
60.88000, 0.49267, -3664.00000
60.93000, -0.05438, -3868.00000
60.98000, -1.65698, -3446.00000
61.03000, -2.91862, -3246.00000
61.08000, -3.60682, -2998.00000
61.13000, -2.62132, -2420.00000
61.18000, -1.05921, -3030.00000
61.23000, -1.75629, -3474.00000
61.28000, -1.80183, -3948.00000
61.33000, 1.85731, -3500.00000
61.38000, 4.78080, -3388.00000
61.43000, 1.71562, -2770.00000
61.48000, -3.14798, -3074.00000
61.53000, -1.26343, -3414.00000
61.58000, 5.05367, -3366.00000
61.63000, 7.54790, -3230.00000
61.68000, 5.42718, -2782.00000
61.73000, 2.28465, -2778.00000
61.78000, 0.50272, -3540.00000
61.83000, 0.46400, -3864.00000
61.88000, 0.62280, -3248.00000
61.93000, -0.04640, -3184.00000
61.98000, -1.10469, -3102.00000
62.03000, -1.69326, -3016.00000
62.08000, -1.29792, -3086.00000
62.13000, -0.88843, -3330.00000
62.18000, -1.18430, -3166.00000
62.23000, -1.13178, -2854.00000
62.28000, -0.66633, -3100.00000
62.33000, -1.73797, -3206.00000
